{"cameraMode":{"drawMode":2,"name":"Shaded Wireframe","section":"Shading Mode"},"sceneLighting":false,"audioPlay":false,"sceneViewState":{"m_AlwaysRefresh":true,"showFog":true,"showSkybox":false,"showFlares":true,"showImageEffects":true,"showParticleSystems":true,"showVisualEffectGraphs":true,"m_FxEnabled":false},"in2DMode":false,"pivot":{"x":-0.25694307684898379,"y":0.387696236371994,"z":-0.6988480687141419},"rotation":{"x":0.017944330349564554,"y":0.9821414351463318,"z":-0.13939794898033143,"w":0.12589654326438905},"size":0.9213886857032776,"orthographic":false}