{"cameraMode":{"drawMode":2,"name":"Shaded Wireframe","section":"Shading Mode"},"sceneLighting":false,"audioPlay":false,"sceneViewState":{"m_AlwaysRefresh":true,"showFog":true,"showSkybox":false,"showFlares":true,"showImageEffects":true,"showParticleSystems":true,"showVisualEffectGraphs":true,"m_FxEnabled":false},"in2DMode":false,"pivot":{"x":-0.25694307684898379,"y":0.387696236371994,"z":-0.6988480687141419},"rotation":{"x":0.011362934485077858,"y":0.9868376851081848,"z":-0.14157754182815553,"w":0.07860803604125977},"size":0.8074097633361816,"orthographic":false}