{"cameraMode":{"drawMode":2,"name":"Shaded Wireframe","section":"Shading Mode"},"sceneLighting":false,"audioPlay":false,"sceneViewState":{"m_AlwaysRefresh":true,"showFog":true,"showSkybox":false,"showFlares":true,"showImageEffects":true,"showParticleSystems":true,"showVisualEffectGraphs":true,"m_FxEnabled":false},"in2DMode":false,"pivot":{"x":-0.2960817515850067,"y":-0.013199908658862114,"z":0.035064466297626498},"rotation":{"x":0.0026908523868769409,"y":0.9891599416732788,"z":-0.1464623063802719,"w":0.017801808193325998},"size":0.5347245931625366,"orthographic":false}