{"cameraMode":{"drawMode":2,"name":"Shaded Wireframe","section":"Shading Mode"},"sceneLighting":false,"audioPlay":false,"sceneViewState":{"m_AlwaysRefresh":true,"showFog":true,"showSkybox":false,"showFlares":true,"showImageEffects":true,"showParticleSystems":true,"showVisualEffectGraphs":true,"m_FxEnabled":false},"in2DMode":false,"pivot":{"x":-0.32499998807907107,"y":0.11249999701976776,"z":-0.02500000037252903},"rotation":{"x":0.0077463132329285149,"y":0.9585663676261902,"z":-0.02586495503783226,"w":0.2839623689651489},"size":0.3448278307914734,"orthographic":false}