{"cameraMode":{"drawMode":0,"name":"Shaded","section":"Shading Mode"},"sceneLighting":false,"audioPlay":false,"sceneViewState":{"m_AlwaysRefresh":true,"showFog":true,"showSkybox":false,"showFlares":true,"showImageEffects":true,"showParticleSystems":true,"showVisualEffectGraphs":true,"m_FxEnabled":false},"in2DMode":false,"pivot":{"x":-0.0014765409287065268,"y":0.08621446043252945,"z":0.1677750051021576},"rotation":{"x":-0.001971083227545023,"y":0.9979017972946167,"z":-0.0539412796497345,"w":-0.03744334727525711},"size":0.44272881746292117,"orthographic":false}