{"cameraMode":{"drawMode":2,"name":"Shaded Wireframe","section":"Shading Mode"},"sceneLighting":false,"audioPlay":false,"sceneViewState":{"m_AlwaysRefresh":true,"showFog":true,"showSkybox":false,"showFlares":true,"showImageEffects":true,"showParticleSystems":true,"showVisualEffectGraphs":true,"m_FxEnabled":false},"in2DMode":false,"pivot":{"x":0.43127337098121645,"y":0.3225014805793762,"z":-0.1855873316526413},"rotation":{"x":0.016639521345496179,"y":0.9771120548248291,"z":-0.19602519273757935,"w":0.08224719017744065},"size":0.5101521015167236,"orthographic":false}