{"cameraMode":{"drawMode":2,"name":"Shaded Wireframe","section":"Shading Mode"},"sceneLighting":false,"audioPlay":false,"sceneViewState":{"m_AlwaysRefresh":true,"showFog":true,"showSkybox":false,"showFlares":true,"showImageEffects":true,"showParticleSystems":true,"showVisualEffectGraphs":true,"m_FxEnabled":false},"in2DMode":false,"pivot":{"x":-0.1076173186302185,"y":0.042107924818992618,"z":0.5813336372375488},"rotation":{"x":-0.0004802615731023252,"y":0.9982652068138123,"z":-0.059968624264001849,"w":-0.008985131978988648},"size":0.02138475887477398,"orthographic":false}