{"cameraMode":{"drawMode":0,"name":"Shaded","section":"Shading Mode"},"sceneLighting":false,"audioPlay":false,"sceneViewState":{"m_AlwaysRefresh":true,"showFog":true,"showSkybox":false,"showFlares":true,"showImageEffects":true,"showParticleSystems":true,"showVisualEffectGraphs":true,"m_FxEnabled":false},"in2DMode":false,"pivot":{"x":-0.23110425472259522,"y":0.29384005069732668,"z":0.0386560820043087},"rotation":{"x":-0.005965522490441799,"y":0.9784784317016602,"z":-0.027874726802110673,"w":-0.2054847776889801},"size":0.3798796832561493,"orthographic":false}