{"cameraMode":{"drawMode":0,"name":"Shaded","section":"Shading Mode"},"sceneLighting":true,"audioPlay":false,"sceneViewState":{"m_AlwaysRefresh":true,"showFog":true,"showSkybox":false,"showFlares":true,"showImageEffects":true,"showParticleSystems":true,"showVisualEffectGraphs":true,"m_FxEnabled":true},"in2DMode":false,"pivot":{"x":14.019684791564942,"y":1.0913766622543336,"z":-1.914519190788269},"rotation":{"x":-0.007959718815982342,"y":-0.9833574295043945,"z":-0.04947071149945259,"w":0.17673981189727784},"size":2.502565622329712,"orthographic":false}