{"cameraMode":{"drawMode":0,"name":"Shaded","section":"Shading Mode"},"sceneLighting":true,"audioPlay":false,"sceneViewState":{"m_AlwaysRefresh":true,"showFog":true,"showSkybox":true,"showFlares":true,"showImageEffects":true,"showParticleSystems":true,"showVisualEffectGraphs":true,"m_FxEnabled":false},"in2DMode":false,"pivot":{"x":-15.997152328491211,"y":2.339960813522339,"z":-1.7191654443740845},"rotation":{"x":-0.039006996899843219,"y":-0.014726461842656136,"z":0.0003343581920489669,"w":-0.9994683861732483},"size":1.8313074111938477,"orthographic":false}