{"cameraMode":{"drawMode":0,"name":"Shaded","section":"Shading Mode"},"sceneLighting":true,"audioPlay":false,"sceneViewState":{"m_AlwaysRefresh":true,"showFog":true,"showSkybox":true,"showFlares":true,"showImageEffects":true,"showParticleSystems":true,"showVisualEffectGraphs":true,"m_FxEnabled":false},"in2DMode":false,"pivot":{"x":-15.544299125671387,"y":1.3261175155639649,"z":0.39421138167381289},"rotation":{"x":-0.07634875923395157,"y":0.049608226865530017,"z":-0.004044624976813793,"w":-0.9961757659912109},"size":2.432356834411621,"orthographic":false}