{"cameraMode":{"drawMode":0,"name":"Shaded","section":"Shading Mode"},"sceneLighting":true,"audioPlay":false,"sceneViewState":{"m_AlwaysRefresh":true,"showFog":true,"showSkybox":false,"showFlares":true,"showImageEffects":true,"showParticleSystems":true,"showVisualEffectGraphs":true,"m_FxEnabled":true},"in2DMode":false,"pivot":{"x":13.602374076843262,"y":1.3045432567596436,"z":-0.9168903827667236},"rotation":{"x":-0.02501077950000763,"y":-0.8017732501029968,"z":-0.03636452183127403,"w":0.5966722965240479},"size":2.239515781402588,"orthographic":false}