{"cameraMode":{"drawMode":0,"name":"Shaded","section":"Shading Mode"},"sceneLighting":true,"audioPlay":false,"sceneViewState":{"m_AlwaysRefresh":true,"showFog":true,"showSkybox":false,"showFlares":true,"showImageEffects":true,"showParticleSystems":true,"showVisualEffectGraphs":true,"m_FxEnabled":true},"in2DMode":false,"pivot":{"x":10.241922378540039,"y":-0.0075871944427490238,"z":0.3820843994617462},"rotation":{"x":0.04380525276064873,"y":-0.7228329181671143,"z":0.04442493990063667,"w":0.6887158751487732},"size":3.864071846008301,"orthographic":false}