{"cameraMode":{"drawMode":0,"name":"Shaded","section":"Shading Mode"},"sceneLighting":true,"audioPlay":false,"sceneViewState":{"m_AlwaysRefresh":true,"showFog":true,"showSkybox":true,"showFlares":true,"showImageEffects":true,"showParticleSystems":true,"showVisualEffectGraphs":true,"m_FxEnabled":true},"in2DMode":false,"pivot":{"x":3.285423517227173,"y":0.39024296402931216,"z":0.9862028956413269},"rotation":{"x":0.004658300429582596,"y":-0.7069661617279053,"z":-0.0046787322498857979,"w":-0.7074123024940491},"size":3.1141812801361086,"orthographic":false}