{"cameraMode":{"drawMode":0,"name":"Shaded","section":"Shading Mode"},"sceneLighting":true,"audioPlay":false,"sceneViewState":{"m_AlwaysRefresh":true,"showFog":true,"showSkybox":true,"showFlares":true,"showImageEffects":true,"showParticleSystems":true,"showVisualEffectGraphs":true,"m_FxEnabled":false},"in2DMode":false,"pivot":{"x":-14.441587448120118,"y":0.7780135869979858,"z":0.4526163637638092},"rotation":{"x":0.04949244484305382,"y":0.0017862875247374178,"z":-0.000149140803841874,"w":-0.99910968542099},"size":2.432356834411621,"orthographic":false}