{"cameraMode":{"drawMode":0,"name":"Shaded","section":"Shading Mode"},"sceneLighting":true,"audioPlay":false,"sceneViewState":{"m_AlwaysRefresh":true,"showFog":true,"showSkybox":false,"showFlares":true,"showImageEffects":true,"showParticleSystems":true,"showVisualEffectGraphs":true,"m_FxEnabled":true},"in2DMode":false,"pivot":{"x":16.661638259887697,"y":0.6459440588951111,"z":-7.855254650115967},"rotation":{"x":-0.008069338276982308,"y":0.9949551224708557,"z":-0.04986761882901192,"w":-0.09215153008699417},"size":6.461038112640381,"orthographic":false}