{"cameraMode":{"drawMode":0,"name":"Shaded","section":"Shading Mode"},"sceneLighting":true,"audioPlay":false,"sceneViewState":{"m_AlwaysRefresh":true,"showFog":true,"showSkybox":true,"showFlares":true,"showImageEffects":true,"showParticleSystems":true,"showVisualEffectGraphs":true,"m_FxEnabled":false},"in2DMode":false,"pivot":{"x":-15.544299125671387,"y":1.3261175155639649,"z":0.39421138167381289},"rotation":{"x":0.0045003402046859268,"y":0.016781672835350038,"z":-0.00015132060798350722,"w":-1.00018310546875},"size":5.291514873504639,"orthographic":false}