{"cameraMode":{"drawMode":0,"name":"Shaded","section":"Shading Mode"},"sceneLighting":true,"audioPlay":false,"sceneViewState":{"m_AlwaysRefresh":true,"showFog":true,"showSkybox":true,"showFlares":true,"showImageEffects":true,"showParticleSystems":true,"showVisualEffectGraphs":true,"m_FxEnabled":true},"in2DMode":false,"pivot":{"x":3.280153512954712,"y":0.7741066813468933,"z":1.3061354160308838},"rotation":{"x":-0.006236147601157427,"y":-0.6710887551307678,"z":0.0056271543726325039,"w":-0.7415160536766052},"size":3.1141812801361086,"orthographic":false}