{"cameraMode":{"drawMode":2,"name":"Shaded Wireframe","section":"Shading Mode"},"sceneLighting":true,"audioPlay":false,"sceneViewState":{"m_AlwaysRefresh":true,"showFog":true,"showSkybox":true,"showFlares":true,"showImageEffects":true,"showParticleSystems":true,"showVisualEffectGraphs":true,"m_FxEnabled":true},"in2DMode":false,"pivot":{"x":-3.1437675952911379,"y":0.33013853430747988,"z":0.9116703867912293},"rotation":{"x":0.029208742082118989,"y":-0.6760941743850708,"z":-0.02673324942588806,"w":-0.7358866333961487},"size":1.4468623399734498,"orthographic":false}