{"cameraMode":{"drawMode":0,"name":"Shaded","section":"Shading Mode"},"sceneLighting":true,"audioPlay":false,"sceneViewState":{"m_AlwaysRefresh":true,"showFog":true,"showSkybox":true,"showFlares":true,"showImageEffects":true,"showParticleSystems":true,"showVisualEffectGraphs":true,"m_FxEnabled":true},"in2DMode":false,"pivot":{"x":-12.987889289855957,"y":2.1155872344970705,"z":2.2353787422180177},"rotation":{"x":-0.020379913970828058,"y":-0.03956715017557144,"z":0.0008746173116378486,"w":-0.999121904373169},"size":7.522231101989746,"orthographic":false}