{"cameraMode":{"drawMode":0,"name":"Shaded","section":"Shading Mode"},"sceneLighting":true,"audioPlay":false,"sceneViewState":{"m_AlwaysRefresh":true,"showFog":true,"showSkybox":false,"showFlares":true,"showImageEffects":true,"showParticleSystems":true,"showVisualEffectGraphs":true,"m_FxEnabled":true},"in2DMode":false,"pivot":{"x":0.015983307734131814,"y":0.5963304042816162,"z":-0.554824709892273},"rotation":{"x":0.01119441632181406,"y":0.9512280225753784,"z":-0.03831442445516586,"w":0.30689793825149538},"size":0.9996820688247681,"orthographic":false}