{"cameraMode":{"drawMode":0,"name":"Shaded","section":"Shading Mode"},"sceneLighting":true,"audioPlay":false,"sceneViewState":{"m_AlwaysRefresh":true,"showFog":true,"showSkybox":true,"showFlares":true,"showImageEffects":true,"showParticleSystems":true,"showVisualEffectGraphs":true,"m_FxEnabled":false},"in2DMode":false,"pivot":{"x":-17.70378875732422,"y":3.154971122741699,"z":0.22258277237415315},"rotation":{"x":-0.037507329136133197,"y":0.0017689354717731476,"z":-0.0002772286825347692,"w":-0.9996252059936523},"size":6.686470031738281,"orthographic":false}