{"cameraMode":{"drawMode":0,"name":"Shaded","section":"Shading Mode"},"sceneLighting":true,"audioPlay":false,"sceneViewState":{"m_AlwaysRefresh":true,"showFog":true,"showSkybox":true,"showFlares":true,"showImageEffects":true,"showParticleSystems":true,"showVisualEffectGraphs":true,"m_FxEnabled":false},"in2DMode":false,"pivot":{"x":-0.08067101240158081,"y":0.059365224093198779,"z":-0.2720605731010437},"rotation":{"x":-0.009593440219759941,"y":0.9766426086425781,"z":-0.04550246149301529,"w":-0.21126434206962586},"size":0.49210721254348757,"orthographic":false}