{"cameraMode":{"drawMode":2,"name":"Shaded Wireframe","section":"Shading Mode"},"sceneLighting":true,"audioPlay":false,"sceneViewState":{"m_AlwaysRefresh":true,"showFog":true,"showSkybox":true,"showFlares":true,"showImageEffects":true,"showParticleSystems":true,"showVisualEffectGraphs":true,"m_FxEnabled":false},"in2DMode":false,"pivot":{"x":-15.41671085357666,"y":1.0570826530456544,"z":-3.410707712173462},"rotation":{"x":-0.037494998425245288,"y":-0.002705482067540288,"z":-0.00005690792022505775,"w":-0.9993906021118164},"size":4.528099060058594,"orthographic":false}