{"cameraMode":{"drawMode":0,"name":"Shaded","section":"Shading Mode"},"sceneLighting":true,"audioPlay":false,"sceneViewState":{"m_AlwaysRefresh":true,"showFog":true,"showSkybox":true,"showFlares":true,"showImageEffects":true,"showParticleSystems":true,"showVisualEffectGraphs":true,"m_FxEnabled":false},"in2DMode":false,"pivot":{"x":-14.441587448120118,"y":0.7780135869979858,"z":0.4526163637638092},"rotation":{"x":-0.10484186559915543,"y":0.007710705976933241,"z":-0.0010540604125708342,"w":-0.9947973489761353},"size":11.352653503417969,"orthographic":false}