{"cameraMode":{"drawMode":0,"name":"Shaded","section":"Shading Mode"},"sceneLighting":false,"audioPlay":false,"sceneViewState":{"m_AlwaysRefresh":true,"showFog":true,"showSkybox":false,"showFlares":true,"showImageEffects":true,"showParticleSystems":true,"showVisualEffectGraphs":true,"m_FxEnabled":true},"in2DMode":false,"pivot":{"x":4.950737476348877,"y":-0.09500299394130707,"z":0.6559152603149414},"rotation":{"x":0.025790182873606683,"y":-0.9734801650047302,"z":0.18106217682361604,"w":0.13845640420913697},"size":4.114708423614502,"orthographic":false}