{"cameraMode":{"drawMode":2,"name":"Shaded Wireframe","section":"Shading Mode"},"sceneLighting":false,"audioPlay":false,"sceneViewState":{"m_AlwaysRefresh":true,"showFog":true,"showSkybox":false,"showFlares":true,"showImageEffects":true,"showParticleSystems":true,"showVisualEffectGraphs":true,"m_FxEnabled":true},"in2DMode":false,"pivot":{"x":0.3229624629020691,"y":-0.17755237221717835,"z":-1.0261764526367188},"rotation":{"x":0.004916023463010788,"y":-0.9833295345306397,"z":0.17984792590141297,"w":0.02684704028069973},"size":1.0802178382873536,"orthographic":false}