{"cameraMode":{"drawMode":2,"name":"Shaded Wireframe","section":"Shading Mode"},"sceneLighting":false,"audioPlay":false,"sceneViewState":{"m_AlwaysRefresh":true,"showFog":true,"showSkybox":false,"showFlares":true,"showImageEffects":true,"showParticleSystems":true,"showVisualEffectGraphs":true,"m_FxEnabled":true},"in2DMode":false,"pivot":{"x":0.19085979461669923,"y":-0.08156827092170716,"z":-0.6270732879638672},"rotation":{"x":0.013740705326199532,"y":-0.9641728401184082,"z":0.26000142097473147,"w":0.050951775163412097},"size":0.9305838346481323,"orthographic":false}