{"cameraMode":{"drawMode":2,"name":"Shaded Wireframe","section":"Shading Mode"},"sceneLighting":false,"audioPlay":false,"sceneViewState":{"m_AlwaysRefresh":true,"showFog":true,"showSkybox":false,"showFlares":true,"showImageEffects":true,"showParticleSystems":true,"showVisualEffectGraphs":true,"m_FxEnabled":false},"in2DMode":false,"pivot":{"x":-0.2829318940639496,"y":-0.10531497001647949,"z":0.025259515270590783},"rotation":{"x":0.0019432214321568609,"y":0.9876556992530823,"z":-0.15685443580150605,"w":0.01184586901217699},"size":0.36972498893737795,"orthographic":false}