{"cameraMode":{"drawMode":0,"name":"Shaded","section":"Shading Mode"},"sceneLighting":false,"audioPlay":false,"sceneViewState":{"m_AlwaysRefresh":true,"showFog":true,"showSkybox":false,"showFlares":true,"showImageEffects":true,"showParticleSystems":true,"showVisualEffectGraphs":true,"m_FxEnabled":false},"in2DMode":false,"pivot":{"x":-0.19918231666088105,"y":0.25515300035476687,"z":-0.3451317548751831},"rotation":{"x":-0.012413479387760163,"y":0.9876590371131897,"z":-0.12657754123210908,"w":-0.09356410801410675},"size":0.7771331071853638,"orthographic":false}