{"cameraMode":{"drawMode":0,"name":"Shaded","section":"Shading Mode"},"sceneLighting":false,"audioPlay":false,"sceneViewState":{"m_AlwaysRefresh":true,"showFog":true,"showSkybox":false,"showFlares":true,"showImageEffects":true,"showParticleSystems":true,"showVisualEffectGraphs":true,"m_FxEnabled":false},"in2DMode":false,"pivot":{"x":-0.44500017166137698,"y":0.3098660707473755,"z":-0.30000001192092898},"rotation":{"x":-0.0009222624939866364,"y":0.9936965107917786,"z":-0.11377668380737305,"w":-0.0044297100976109509},"size":0.7436680197715759,"orthographic":false}