{"cameraMode":{"drawMode":0,"name":"Shaded","section":"Shading Mode"},"sceneLighting":false,"audioPlay":false,"sceneViewState":{"m_AlwaysRefresh":true,"showFog":true,"showSkybox":false,"showFlares":true,"showImageEffects":true,"showParticleSystems":true,"showVisualEffectGraphs":true,"m_FxEnabled":false},"in2DMode":false,"pivot":{"x":-0.44500017166137698,"y":0.3098660707473755,"z":-0.30000001192092898},"rotation":{"x":0.009599548764526844,"y":0.987912654876709,"z":-0.07131390273571015,"w":0.13873961567878724},"size":0.7436680197715759,"orthographic":false}