{"cameraMode":{"drawMode":0,"name":"Shaded","section":"Shading Mode"},"sceneLighting":false,"audioPlay":false,"sceneViewState":{"m_AlwaysRefresh":true,"showFog":true,"showSkybox":false,"showFlares":true,"showImageEffects":true,"showParticleSystems":true,"showVisualEffectGraphs":true,"m_FxEnabled":false},"in2DMode":false,"pivot":{"x":-0.05299125239253044,"y":0.08413585275411606,"z":0.10677197575569153},"rotation":{"x":-0.0016472588758915663,"y":0.9987015724182129,"z":-0.037467110902071,"w":-0.0404665544629097},"size":0.385494202375412,"orthographic":false}