{"cameraMode":{"drawMode":0,"name":"Shaded","section":"Shading Mode"},"sceneLighting":false,"audioPlay":false,"sceneViewState":{"m_AlwaysRefresh":true,"showFog":true,"showSkybox":false,"showFlares":true,"showImageEffects":true,"showParticleSystems":true,"showVisualEffectGraphs":true,"m_FxEnabled":false},"in2DMode":false,"pivot":{"x":-0.1499999761581421,"y":0.30000001192092898,"z":-0.20000001788139344},"rotation":{"x":0.009599548764526844,"y":0.987912654876709,"z":-0.07131390273571015,"w":0.13873961567878724},"size":0.6726812720298767,"orthographic":false}