{"cameraMode":{"drawMode":0,"name":"Shaded","section":"Shading Mode"},"sceneLighting":false,"audioPlay":false,"sceneViewState":{"m_AlwaysRefresh":true,"showFog":true,"showSkybox":false,"showFlares":true,"showImageEffects":true,"showParticleSystems":true,"showVisualEffectGraphs":true,"m_FxEnabled":false},"in2DMode":false,"pivot":{"x":-0.1499999761581421,"y":0.30000001192092898,"z":-0.20000001788139344},"rotation":{"x":-0.015205664560198784,"y":0.9791348576545715,"z":-0.07644498348236084,"w":-0.18878448009490968},"size":0.6327201128005981,"orthographic":false}