{"cameraMode":{"drawMode":2,"name":"Shaded Wireframe","section":"Shading Mode"},"sceneLighting":false,"audioPlay":false,"sceneViewState":{"m_AlwaysRefresh":true,"showFog":true,"showSkybox":false,"showFlares":true,"showImageEffects":true,"showParticleSystems":true,"showVisualEffectGraphs":true,"m_FxEnabled":false},"in2DMode":false,"pivot":{"x":0.3515697121620178,"y":-0.013871027156710625,"z":-0.22958312928676606},"rotation":{"x":-0.017562588676810266,"y":0.975184977054596,"z":-0.20479635894298554,"w":-0.08357900381088257},"size":1.2779070138931275,"orthographic":false}