{"cameraMode":{"drawMode":2,"name":"Shaded Wireframe","section":"Shading Mode"},"sceneLighting":false,"audioPlay":false,"sceneViewState":{"m_AlwaysRefresh":true,"showFog":true,"showSkybox":false,"showFlares":true,"showImageEffects":true,"showParticleSystems":true,"showVisualEffectGraphs":true,"m_FxEnabled":false},"in2DMode":false,"pivot":{"x":0.16955861449241639,"y":0.09501522779464722,"z":0.2815708816051483},"rotation":{"x":0.011456741020083428,"y":0.9520617723464966,"z":-0.3039199709892273,"w":0.03570237010717392},"size":0.8492656350135803,"orthographic":false}