{"cameraMode":{"drawMode":2,"name":"Shaded Wireframe","section":"Shading Mode"},"sceneLighting":false,"audioPlay":false,"sceneViewState":{"m_AlwaysRefresh":true,"showFog":true,"showSkybox":false,"showFlares":true,"showImageEffects":true,"showParticleSystems":true,"showVisualEffectGraphs":true,"m_FxEnabled":true},"in2DMode":false,"pivot":{"x":-0.18119540810585023,"y":0.0019616594072431328,"z":-0.08770860731601715},"rotation":{"x":0.09952441602945328,"y":-0.8138163089752197,"z":0.14632362127304078,"w":0.5535376667976379},"size":0.37883689999580386,"orthographic":false}