{"cameraMode":{"drawMode":2,"name":"Shaded Wireframe","section":"Shading Mode"},"sceneLighting":false,"audioPlay":false,"sceneViewState":{"m_AlwaysRefresh":true,"showFog":true,"showSkybox":false,"showFlares":true,"showImageEffects":true,"showParticleSystems":true,"showVisualEffectGraphs":true,"m_FxEnabled":false},"in2DMode":false,"pivot":{"x":-0.3321612477302551,"y":0.3828717768192291,"z":-0.5967531204223633},"rotation":{"x":-0.0021179316099733116,"y":0.9833251237869263,"z":0.011812305077910424,"w":0.18198943138122559},"size":0.933041512966156,"orthographic":false}