{"cameraMode":{"drawMode":2,"name":"Shaded Wireframe","section":"Shading Mode"},"sceneLighting":false,"audioPlay":false,"sceneViewState":{"m_AlwaysRefresh":true,"showFog":true,"showSkybox":false,"showFlares":true,"showImageEffects":true,"showParticleSystems":true,"showVisualEffectGraphs":true,"m_FxEnabled":false},"in2DMode":false,"pivot":{"x":0.0019116553012281657,"y":-0.10373412817716599,"z":-0.010828092694282532},"rotation":{"x":-0.24174585938453675,"y":0.6865144968032837,"z":-0.2620384693145752,"w":-0.6338700652122498},"size":0.9472641348838806,"orthographic":false}