{"cameraMode":{"drawMode":2,"name":"Shaded Wireframe","section":"Shading Mode"},"sceneLighting":false,"audioPlay":false,"sceneViewState":{"m_AlwaysRefresh":true,"showFog":true,"showSkybox":false,"showFlares":true,"showImageEffects":true,"showParticleSystems":true,"showVisualEffectGraphs":true,"m_FxEnabled":false},"in2DMode":false,"pivot":{"x":-0.039413683116436008,"y":0.361089289188385,"z":-0.21291732788085938},"rotation":{"x":-0.05954235792160034,"y":0.9158947467803955,"z":-0.14832302927970887,"w":-0.36849552392959597},"size":0.4685837924480438,"orthographic":false}